timestamp,tender_id,title,organization,estimated_value,deadline,days_until_due,priority_score,qualification_score,combined_score,cable_type,voltage,length_km,cores,armoring,conductor_material,insulation_type,standards
2025-11-08T13:14:18,GEM-PGCIL-33KV-001,Supply of 33 kV XLPE Distribution Cables - 500 KM,Power Grid Corporation of India Limited,125000000,2026-01-25T17:30:00Z,,0.750,0.875,0.875,XLPE,33 kV,500,3-core,Armored,Copper,XLPE,"IS 7098, IEC 60502"
2025-11-08T13:26:00,LOCAL-002,33 kV Distribution Cables Supply - 500 KM,Power Grid Corporation of India Limited,125000000,2026-01-25T17:30:00Z,,0.750,0.875,0.875,XLPE,33 kV,500,3-core,Unarmored,Copper,XLPE,IS 7098
2025-11-08T18:16:22,GEM-PGCIL-33KV-001,Supply of 33 kV XLPE Distribution Cables - 500 KM,Power Grid Corporation of India Limited,125000000,2026-01-25T17:30:00Z,,0.750,0.875,0.875,XLPE,33 kV,500,3-core,Armored,Copper,XLPE,"IS 7098, IEC 60502"
2025-11-08T21:36:59,LOCAL-002,33 kV Distribution Cables Supply - 500 KM,Power Grid Corporation of India Limited,125000000,2026-01-25T17:30:00Z,,0.750,0.875,0.875,XLPE,33 kV,500,3-core,Unarmored,Copper,XLPE,IS 7098
2025-11-08T23:19:58,GEM-PGCIL-33KV-001,Supply of 33 kV XLPE Distribution Cables - 500 KM,Power Grid Corporation of India Limited,125000000,2026-01-25T17:30:00Z,,0.750,0.875,0.875,XLPE,33 kV,500,3-core,Armored,Copper,XLPE,"IS 7098, IEC 60502"
2025-11-08T23:40:12,LOCAL-002,33 kV Distribution Cables Supply - 500 KM,Power Grid Corporation of India Limited,125000000,2026-01-25T17:30:00Z,,0.750,0.875,0.875,XLPE,33 kV,500,3-core,Unarmored,Copper,XLPE,IS 7098
2025-11-09T01:18:57,GEM-PGCIL-33KV-001,Supply of 33 kV XLPE Distribution Cables - 500 KM,Power Grid Corporation of India Limited,125000000,2026-01-25T17:30:00Z,,0.750,0.875,0.875,XLPE,33 kV,500,3-core,Armored,Copper,XLPE,"IS 7098, IEC 60502"
2025-11-09T16:47:33,PG-DEMO-33KV-001,Supply of 33 kV XLPE 3-Core Copper Armored Cables (150 sqmm) — Turnkey Substation Package,POWERGRID Corporation of India Limited,150000000,2025-12-20T17:30:00Z,,0.750,0.795,0.795,XLPE,33 kv,,3-core,Armored,Copper,XLPE,BS 6622
2025-11-09T16:49:31,SEB-maharashtra-66837,"Annual tender for the workof Preventive Maintenance of DTC, LT & HT overhead lines & underground cables in Binaki (O&M) Sub-division under Gandhibag Division of Nagpur Urban CircleNovember 3, 2025, 5:",Maharashtra Electricity Board,0,,,0.550,0.720,0.720,General,Unknown,,3-core,Unarmored,Copper,XLPE,IS 7098
2025-11-09T17:04:34,PG-DEMO-33KV-001,Supply of 33 kV XLPE 3-Core Copper Armored Cables (150 sqmm) — Turnkey Substation Package,POWERGRID Corporation of India Limited,150000000,2025-12-20T17:30:00Z,,0.750,0.795,0.795,XLPE,33 kv,,3-core,Armored,Copper,XLPE,BS 6622
2025-11-09T17:12:28,TD-DEMO-33KV-001,Supply of 33 kV XLPE 3-Core Copper Armored Power Cables,State Electricity Board,250000000,21/11/2025,,0.750,0.795,0.795,XLPE,33 kv,,3-core,Armored,Copper,XLPE,IS 7098
2025-11-09T17:55:30,PGCIL/2025/CABLE/33KV/001,Supply of 33 kV XLPE Distribution Cables - 500 KM,"Power Grid Corporation of India Limited, Delhi",125000000.0,2026-01-25T17:30:00Z,,0.750,0.875,0.875,XLPE,33 kv,500.0,3-core,Unarmored,Copper,XLPE,IS 7098
2025-11-09T18:55:16,TD-DEMO-33KV-001,Supply of 33 kV XLPE 3-Core Copper Armored Power Cables,State Electricity Board,250000000,21/11/2025,,0.750,0.795,0.795,XLPE,33 kv,,3-core,Armored,Copper,XLPE,IS 7098
2025-11-09T18:55:23,PGCIL/2025/CABLE/33KV/001,Supply of 33 kV XLPE Distribution Cables - 500 KM,"Power Grid Corporation of India Limited, Delhi",125000000.0,2026-01-25T17:30:00Z,,0.750,0.875,0.875,XLPE,33 kv,500.0,3-core,Unarmored,Copper,XLPE,IS 7098
2025-11-09T19:56:05,NTPC/IND/2025/LV-CABLE/003,Low Voltage (440V) Control Cables for Industrial Plant - 10 KM,"NTPC Limited, Dadri Plant, Uttar Pradesh",5000000.0,2025-12-15T17:00:00Z,,0.550,0.830,0.830,General,440v,10.0,3-core,Unarmored,Copper,XLPE,IS 7098
2025-11-09T20:57:23,PGCIL/2025/CABLE/33KV/001,Supply of 33 kV XLPE Distribution Cables - 500 KM,"Power Grid Corporation of India Limited, Delhi",125000000.0,2026-01-25T17:30:00Z,,0.750,0.875,0.875,XLPE,33 kv,500.0,3-core,Unarmored,Copper,XLPE,IS 7098
2025-11-09T21:58:04,NTPC/IND/2025/LV-CABLE/003,Low Voltage (440V) Control Cables for Industrial Plant - 10 KM,"NTPC Limited, Dadri Plant, Uttar Pradesh",5000000.0,2025-12-15T17:00:00Z,,0.550,0.830,0.830,General,440v,10.0,3-core,Unarmored,Copper,XLPE,IS 7098
2025-11-09T22:59:49,PGCIL/2025/CABLE/33KV/001,Supply of 33 kV XLPE Distribution Cables - 500 KM,"Power Grid Corporation of India Limited, Delhi",125000000.0,2026-01-25T17:30:00Z,,0.750,0.875,0.875,XLPE,33 kv,500.0,3-core,Unarmored,Copper,XLPE,IS 7098
2025-11-10T00:01:07,NTPC/IND/2025/LV-CABLE/003,Low Voltage (440V) Control Cables for Industrial Plant - 10 KM,"NTPC Limited, Dadri Plant, Uttar Pradesh",5000000.0,2025-12-15T17:00:00Z,,0.550,0.830,0.830,General,440v,10.0,3-core,Unarmored,Copper,XLPE,IS 7098
2025-11-10T01:49:45,PGCIL/2025/CABLE/33KV/001,Supply of 33 kV XLPE Distribution Cables - 500 KM,"Power Grid Corporation of India Limited, Delhi",125000000.0,2026-01-25T17:30:00Z,,0.750,0.875,0.875,XLPE,33 kv,500.0,3-core,Unarmored,Copper,XLPE,IS 7098
2025-11-10T02:50:48,NTPC/IND/2025/LV-CABLE/003,Low Voltage (440V) Control Cables for Industrial Plant - 10 KM,"NTPC Limited, Dadri Plant, Uttar Pradesh",5000000.0,2025-12-15T17:00:00Z,,0.550,0.830,0.830,General,440v,10.0,3-core,Unarmored,Copper,XLPE,IS 7098
2025-11-10T03:51:54,PGCIL/2025/CABLE/33KV/001,Supply of 33 kV XLPE Distribution Cables - 500 KM,"Power Grid Corporation of India Limited, Delhi",125000000.0,2026-01-25T17:30:00Z,,0.750,0.875,0.875,XLPE,33 kv,500.0,3-core,Unarmored,Copper,XLPE,IS 7098
2025-11-10T11:06:00,NTPC/IND/2025/LV-CABLE/003,Low Voltage (440V) Control Cables for Industrial Plant - 10 KM,"NTPC Limited, Dadri Plant, Uttar Pradesh",5000000.0,2025-12-15T17:00:00Z,,0.550,0.830,0.830,General,440v,10.0,3-core,Unarmored,Copper,XLPE,IS 7098
2025-11-10T12:06:49,PGCIL/2025/CABLE/33KV/001,Supply of 33 kV XLPE Distribution Cables - 500 KM,"Power Grid Corporation of India Limited, Delhi",125000000.0,2026-01-25T17:30:00Z,,0.750,0.875,0.875,XLPE,33 kv,500.0,3-core,Unarmored,Copper,XLPE,IS 7098
2025-11-10T16:40:21,NTPC/IND/2025/LV-CABLE/003,Low Voltage (440V) Control Cables for Industrial Plant - 10 KM,"NTPC Limited, Dadri Plant, Uttar Pradesh",5000000.0,2025-12-15T17:00:00Z,,0.550,0.830,0.830,General,440v,10.0,3-core,Unarmored,Copper,XLPE,IS 7098
2025-11-10T17:41:12,PGCIL/2025/CABLE/33KV/001,Supply of 33 kV XLPE Distribution Cables - 500 KM,"Power Grid Corporation of India Limited, Delhi",125000000.0,2026-01-25T17:30:00Z,,0.750,0.875,0.875,XLPE,33 kv,500.0,3-core,Unarmored,Copper,XLPE,IS 7098
2025-11-10T18:42:13,NTPC/IND/2025/LV-CABLE/003,Low Voltage (440V) Control Cables for Industrial Plant - 10 KM,"NTPC Limited, Dadri Plant, Uttar Pradesh",5000000.0,2025-12-15T17:00:00Z,,0.550,0.830,0.830,General,440v,10.0,3-core,Unarmored,Copper,XLPE,IS 7098
2025-11-10T19:58:06,PGCIL/2025/CABLE/33KV/001,Supply of 33 kV XLPE Distribution Cables - 500 KM,"Power Grid Corporation of India Limited, Delhi",125000000.0,2026-01-25T17:30:00Z,,0.750,0.875,0.875,XLPE,33 kv,500.0,3-core,Unarmored,Copper,XLPE,IS 7098
2025-11-10T21:25:39,NTPC/IND/2025/LV-CABLE/003,Low Voltage (440V) Control Cables for Industrial Plant - 10 KM,"NTPC Limited, Dadri Plant, Uttar Pradesh",5000000.0,2025-12-15T17:00:00Z,,0.550,0.830,0.830,General,440v,10.0,3-core,Unarmored,Copper,XLPE,IS 7098
2025-11-10T22:26:53,PGCIL/2025/CABLE/33KV/001,Supply of 33 kV XLPE Distribution Cables - 500 KM,"Power Grid Corporation of India Limited, Delhi",125000000.0,2026-01-25T17:30:00Z,,0.750,0.875,0.875,XLPE,33 kv,500.0,3-core,Unarmored,Copper,XLPE,IS 7098
2025-11-10T23:27:50,NTPC/IND/2025/LV-CABLE/003,Low Voltage (440V) Control Cables for Industrial Plant - 10 KM,"NTPC Limited, Dadri Plant, Uttar Pradesh",5000000.0,2025-12-15T17:00:00Z,,0.550,0.830,0.830,General,440v,10.0,3-core,Unarmored,Copper,XLPE,IS 7098
2025-11-11T00:28:40,PGCIL/2025/CABLE/33KV/001,Supply of 33 kV XLPE Distribution Cables - 500 KM,"Power Grid Corporation of India Limited, Delhi",125000000.0,2026-01-25T17:30:00Z,,0.750,0.875,0.875,XLPE,33 kv,500.0,3-core,Unarmored,Copper,XLPE,IS 7098
2025-11-11T01:29:44,NTPC/IND/2025/LV-CABLE/003,Low Voltage (440V) Control Cables for Industrial Plant - 10 KM,"NTPC Limited, Dadri Plant, Uttar Pradesh",5000000.0,2025-12-15T17:00:00Z,,0.550,0.830,0.830,General,440v,10.0,3-core,Unarmored,Copper,XLPE,IS 7098
2025-11-11T02:30:26,PGCIL/2025/CABLE/33KV/001,Supply of 33 kV XLPE Distribution Cables - 500 KM,"Power Grid Corporation of India Limited, Delhi",125000000.0,2026-01-25T17:30:00Z,,0.750,0.875,0.875,XLPE,33 kv,500.0,3-core,Unarmored,Copper,XLPE,IS 7098
2025-11-11T04:29:50,NTPC/IND/2025/LV-CABLE/003,Low Voltage (440V) Control Cables for Industrial Plant - 10 KM,"NTPC Limited, Dadri Plant, Uttar Pradesh",5000000.0,2025-12-15T17:00:00Z,,0.550,0.830,0.830,General,440v,10.0,3-core,Unarmored,Copper,XLPE,IS 7098
2025-11-11T12:02:00,PGCIL/2025/CABLE/33KV/001,Supply of 33 kV XLPE Distribution Cables - 500 KM,"Power Grid Corporation of India Limited, Delhi",125000000.0,2026-01-25T17:30:00Z,,0.750,0.875,0.875,XLPE,33 kv,500.0,3-core,Unarmored,Copper,XLPE,IS 7098
2025-11-11T13:02:48,NTPC/IND/2025/LV-CABLE/003,Low Voltage (440V) Control Cables for Industrial Plant - 10 KM,"NTPC Limited, Dadri Plant, Uttar Pradesh",5000000.0,2025-12-15T17:00:00Z,,0.550,0.830,0.830,General,440v,10.0,3-core,Unarmored,Copper,XLPE,IS 7098
2025-11-11T14:03:30,PGCIL/2025/CABLE/33KV/001,Supply of 33 kV XLPE Distribution Cables - 500 KM,"Power Grid Corporation of India Limited, Delhi",125000000.0,2026-01-25T17:30:00Z,,0.750,0.875,0.875,XLPE,33 kv,500.0,3-core,Unarmored,Copper,XLPE,IS 7098
2025-11-11T17:27:04,NTPC/IND/2025/LV-CABLE/003,Low Voltage (440V) Control Cables for Industrial Plant - 10 KM,"NTPC Limited, Dadri Plant, Uttar Pradesh",5000000.0,2025-12-15T17:00:00Z,,0.550,0.830,0.830,General,440v,10.0,3-core,Unarmored,Copper,XLPE,IS 7098
2025-11-11T19:40:29,PGCIL/2025/CABLE/33KV/001,Supply of 33 kV XLPE Distribution Cables - 500 KM,"Power Grid Corporation of India Limited, Delhi",125000000.0,2026-01-25T17:30:00Z,,0.750,0.875,0.875,XLPE,33 kv,500.0,3-core,Unarmored,Copper,XLPE,IS 7098
2025-11-11T21:24:42,NTPC/IND/2025/LV-CABLE/003,Low Voltage (440V) Control Cables for Industrial Plant - 10 KM,"NTPC Limited, Dadri Plant, Uttar Pradesh",5000000.0,2025-12-15T17:00:00Z,,0.550,0.830,0.830,General,440v,10.0,3-core,Unarmored,Copper,XLPE,IS 7098
2025-11-11T22:43:46,PGCIL/2025/CABLE/33KV/001,Supply of 33 kV XLPE Distribution Cables - 500 KM,"Power Grid Corporation of India Limited, Delhi",125000000.0,2026-01-25T17:30:00Z,,0.750,0.875,0.875,XLPE,33 kv,500.0,3-core,Unarmored,Copper,XLPE,IS 7098
2025-11-11T23:46:10,NTPC/IND/2025/LV-CABLE/003,Low Voltage (440V) Control Cables for Industrial Plant - 10 KM,"NTPC Limited, Dadri Plant, Uttar Pradesh",5000000.0,2025-12-15T17:00:00Z,,0.550,0.830,0.830,General,440v,10.0,3-core,Unarmored,Copper,XLPE,IS 7098
2025-11-12T00:47:02,PGCIL/2025/CABLE/33KV/001,Supply of 33 kV XLPE Distribution Cables - 500 KM,"Power Grid Corporation of India Limited, Delhi",125000000.0,2026-01-25T17:30:00Z,,0.750,0.875,0.875,XLPE,33 kv,500.0,3-core,Unarmored,Copper,XLPE,IS 7098
2025-11-12T04:10:20,NTPC/IND/2025/LV-CABLE/003,Low Voltage (440V) Control Cables for Industrial Plant - 10 KM,"NTPC Limited, Dadri Plant, Uttar Pradesh",5000000.0,2025-12-15T17:00:00Z,,0.550,0.830,0.830,General,440v,10.0,3-core,Unarmored,Copper,XLPE,IS 7098
2025-11-12T12:43:44,PGCIL/2025/CABLE/33KV/001,Supply of 33 kV XLPE Distribution Cables - 500 KM,"Power Grid Corporation of India Limited, Delhi",125000000.0,2026-01-25T17:30:00Z,,0.750,0.875,0.875,XLPE,33 kv,500.0,3-core,Unarmored,Copper,XLPE,IS 7098
2025-11-12T13:44:25,NTPC/IND/2025/LV-CABLE/003,Low Voltage (440V) Control Cables for Industrial Plant - 10 KM,"NTPC Limited, Dadri Plant, Uttar Pradesh",5000000.0,2025-12-15T17:00:00Z,,0.550,0.830,0.830,General,440v,10.0,3-core,Unarmored,Copper,XLPE,IS 7098
2025-11-12T15:16:00,PGCIL/2025/CABLE/33KV/001,Supply of 33 kV XLPE Distribution Cables - 500 KM,"Power Grid Corporation of India Limited, Delhi",125000000.0,2026-01-25T17:30:00Z,,0.750,0.875,0.875,XLPE,33 kv,500.0,3-core,Unarmored,Copper,XLPE,IS 7098
2025-11-12T16:17:21,NTPC/IND/2025/LV-CABLE/003,Low Voltage (440V) Control Cables for Industrial Plant - 10 KM,"NTPC Limited, Dadri Plant, Uttar Pradesh",5000000.0,2025-12-15T17:00:00Z,,0.550,0.830,0.830,General,440v,10.0,3-core,Unarmored,Copper,XLPE,IS 7098
2025-11-12T19:33:40,PGCIL/2025/CABLE/33KV/001,Supply of 33 kV XLPE Distribution Cables - 500 KM,"Power Grid Corporation of India Limited, Delhi",125000000.0,2026-01-25T17:30:00Z,,0.750,0.875,0.875,XLPE,33 kv,500.0,3-core,Unarmored,Copper,XLPE,IS 7098
2025-11-12T20:34:49,NTPC/IND/2025/LV-CABLE/003,Low Voltage (440V) Control Cables for Industrial Plant - 10 KM,"NTPC Limited, Dadri Plant, Uttar Pradesh",5000000.0,2025-12-15T17:00:00Z,,0.550,0.830,0.830,General,440v,10.0,3-core,Unarmored,Copper,XLPE,IS 7098
2025-11-12T21:36:09,PGCIL/2025/CABLE/33KV/001,Supply of 33 kV XLPE Distribution Cables - 500 KM,"Power Grid Corporation of India Limited, Delhi",125000000.0,2026-01-25T17:30:00Z,,0.750,0.875,0.875,XLPE,33 kv,500.0,3-core,Unarmored,Copper,XLPE,IS 7098
2025-11-12T22:37:49,NTPC/IND/2025/LV-CABLE/003,Low Voltage (440V) Control Cables for Industrial Plant - 10 KM,"NTPC Limited, Dadri Plant, Uttar Pradesh",5000000.0,2025-12-15T17:00:00Z,,0.550,0.830,0.830,General,440v,10.0,3-core,Unarmored,Copper,XLPE,IS 7098
2025-11-13T00:18:11,PGCIL/2025/CABLE/33KV/001,Supply of 33 kV XLPE Distribution Cables - 500 KM,"Power Grid Corporation of India Limited, Delhi",125000000.0,2026-01-25T17:30:00Z,,0.750,0.875,0.875,XLPE,33 kv,500.0,3-core,Unarmored,Copper,XLPE,IS 7098
2025-11-13T01:19:34,NTPC/IND/2025/LV-CABLE/003,Low Voltage (440V) Control Cables for Industrial Plant - 10 KM,"NTPC Limited, Dadri Plant, Uttar Pradesh",5000000.0,2025-12-15T17:00:00Z,,0.550,0.830,0.830,General,440v,10.0,3-core,Unarmored,Copper,XLPE,IS 7098
2025-11-13T02:20:22,PGCIL/2025/CABLE/33KV/001,Supply of 33 kV XLPE Distribution Cables - 500 KM,"Power Grid Corporation of India Limited, Delhi",125000000.0,2026-01-25T17:30:00Z,,0.750,0.875,0.875,XLPE,33 kv,500.0,3-core,Unarmored,Copper,XLPE,IS 7098
2025-11-13T09:28:44,NTPC/IND/2025/LV-CABLE/003,Low Voltage (440V) Control Cables for Industrial Plant - 10 KM,"NTPC Limited, Dadri Plant, Uttar Pradesh",5000000.0,2025-12-15T17:00:00Z,,0.550,0.830,0.830,General,440v,10.0,3-core,Unarmored,Copper,XLPE,IS 7098
2025-11-13T10:29:26,PGCIL/2025/CABLE/33KV/001,Supply of 33 kV XLPE Distribution Cables - 500 KM,"Power Grid Corporation of India Limited, Delhi",125000000.0,2026-01-25T17:30:00Z,,0.750,0.875,0.875,XLPE,33 kv,500.0,3-core,Unarmored,Copper,XLPE,IS 7098
2025-11-13T11:30:09,NTPC/IND/2025/LV-CABLE/003,Low Voltage (440V) Control Cables for Industrial Plant - 10 KM,"NTPC Limited, Dadri Plant, Uttar Pradesh",5000000.0,2025-12-15T17:00:00Z,,0.550,0.830,0.830,General,440v,10.0,3-core,Unarmored,Copper,XLPE,IS 7098
2025-11-13T12:30:44,PGCIL/2025/CABLE/33KV/001,Supply of 33 kV XLPE Distribution Cables - 500 KM,"Power Grid Corporation of India Limited, Delhi",125000000.0,2026-01-25T17:30:00Z,,0.750,0.875,0.875,XLPE,33 kv,500.0,3-core,Unarmored,Copper,XLPE,IS 7098
2025-11-13T13:31:33,NTPC/IND/2025/LV-CABLE/003,Low Voltage (440V) Control Cables for Industrial Plant - 10 KM,"NTPC Limited, Dadri Plant, Uttar Pradesh",5000000.0,2025-12-15T17:00:00Z,,0.550,0.830,0.830,General,440v,10.0,3-core,Unarmored,Copper,XLPE,IS 7098
2025-11-13T18:46:46,PGCIL/2025/CABLE/33KV/001,Supply of 33 kV XLPE Distribution Cables - 500 KM,"Power Grid Corporation of India Limited, Delhi",125000000.0,2026-01-25T17:30:00Z,,0.750,0.875,0.875,XLPE,33 kv,500.0,3-core,Unarmored,Copper,XLPE,IS 7098
2025-11-13T19:47:59,NTPC/IND/2025/LV-CABLE/003,Low Voltage (440V) Control Cables for Industrial Plant - 10 KM,"NTPC Limited, Dadri Plant, Uttar Pradesh",5000000.0,2025-12-15T17:00:00Z,,0.550,0.830,0.830,General,440v,10.0,3-core,Unarmored,Copper,XLPE,IS 7098
2025-11-13T20:49:14,PGCIL/2025/CABLE/33KV/001,Supply of 33 kV XLPE Distribution Cables - 500 KM,"Power Grid Corporation of India Limited, Delhi",125000000.0,2026-01-25T17:30:00Z,,0.750,0.875,0.875,XLPE,33 kv,500.0,3-core,Unarmored,Copper,XLPE,IS 7098
2025-11-13T21:51:19,NTPC/IND/2025/LV-CABLE/003,Low Voltage (440V) Control Cables for Industrial Plant - 10 KM,"NTPC Limited, Dadri Plant, Uttar Pradesh",5000000.0,2025-12-15T17:00:00Z,,0.550,0.830,0.830,General,440v,10.0,3-core,Unarmored,Copper,XLPE,IS 7098
2025-11-13T22:53:29,PGCIL/2025/CABLE/33KV/001,Supply of 33 kV XLPE Distribution Cables - 500 KM,"Power Grid Corporation of India Limited, Delhi",125000000.0,2026-01-25T17:30:00Z,,0.750,0.875,0.875,XLPE,33 kv,500.0,3-core,Unarmored,Copper,XLPE,IS 7098
2025-11-13T23:55:08,NTPC/IND/2025/LV-CABLE/003,Low Voltage (440V) Control Cables for Industrial Plant - 10 KM,"NTPC Limited, Dadri Plant, Uttar Pradesh",5000000.0,2025-12-15T17:00:00Z,,0.550,0.830,0.830,General,440v,10.0,3-core,Unarmored,Copper,XLPE,IS 7098
2025-11-14T00:56:33,PGCIL/2025/CABLE/33KV/001,Supply of 33 kV XLPE Distribution Cables - 500 KM,"Power Grid Corporation of India Limited, Delhi",125000000.0,2026-01-25T17:30:00Z,,0.750,0.875,0.875,XLPE,33 kv,500.0,3-core,Unarmored,Copper,XLPE,IS 7098
2025-11-14T01:57:28,NTPC/IND/2025/LV-CABLE/003,Low Voltage (440V) Control Cables for Industrial Plant - 10 KM,"NTPC Limited, Dadri Plant, Uttar Pradesh",5000000.0,2025-12-15T17:00:00Z,,0.550,0.830,0.830,General,440v,10.0,3-core,Unarmored,Copper,XLPE,IS 7098
2025-11-14T02:58:56,PGCIL/2025/CABLE/33KV/001,Supply of 33 kV XLPE Distribution Cables - 500 KM,"Power Grid Corporation of India Limited, Delhi",125000000.0,2026-01-25T17:30:00Z,,0.750,0.875,0.875,XLPE,33 kv,500.0,3-core,Unarmored,Copper,XLPE,IS 7098
2025-11-14T09:31:39,NTPC/IND/2025/LV-CABLE/003,Low Voltage (440V) Control Cables for Industrial Plant - 10 KM,"NTPC Limited, Dadri Plant, Uttar Pradesh",5000000.0,2025-12-15T17:00:00Z,,0.550,0.830,0.830,General,440v,10.0,3-core,Unarmored,Copper,XLPE,IS 7098
2025-11-14T10:32:28,PGCIL/2025/CABLE/33KV/001,Supply of 33 kV XLPE Distribution Cables - 500 KM,"Power Grid Corporation of India Limited, Delhi",125000000.0,2026-01-25T17:30:00Z,,0.750,0.875,0.875,XLPE,33 kv,500.0,3-core,Unarmored,Copper,XLPE,IS 7098
2025-11-14T11:33:20,NTPC/IND/2025/LV-CABLE/003,Low Voltage (440V) Control Cables for Industrial Plant - 10 KM,"NTPC Limited, Dadri Plant, Uttar Pradesh",5000000.0,2025-12-15T17:00:00Z,,0.550,0.830,0.830,General,440v,10.0,3-core,Unarmored,Copper,XLPE,IS 7098
2025-11-14T12:33:58,PGCIL/2025/CABLE/33KV/001,Supply of 33 kV XLPE Distribution Cables - 500 KM,"Power Grid Corporation of India Limited, Delhi",125000000.0,2026-01-25T17:30:00Z,,0.750,0.875,0.875,XLPE,33 kv,500.0,3-core,Unarmored,Copper,XLPE,IS 7098
2025-11-14T13:34:31,NTPC/IND/2025/LV-CABLE/003,Low Voltage (440V) Control Cables for Industrial Plant - 10 KM,"NTPC Limited, Dadri Plant, Uttar Pradesh",5000000.0,2025-12-15T17:00:00Z,,0.550,0.830,0.830,General,440v,10.0,3-core,Unarmored,Copper,XLPE,IS 7098
2025-11-14T14:35:13,PGCIL/2025/CABLE/33KV/001,Supply of 33 kV XLPE Distribution Cables - 500 KM,"Power Grid Corporation of India Limited, Delhi",125000000.0,2026-01-25T17:30:00Z,,0.750,0.875,0.875,XLPE,33 kv,500.0,3-core,Unarmored,Copper,XLPE,IS 7098
2025-11-14T21:27:37,NTPC/IND/2025/LV-CABLE/003,Low Voltage (440V) Control Cables for Industrial Plant - 10 KM,"NTPC Limited, Dadri Plant, Uttar Pradesh",5000000.0,2025-12-15T17:00:00Z,,0.550,0.830,0.830,General,440v,10.0,3-core,Unarmored,Copper,XLPE,IS 7098
2025-11-14T22:29:41,PGCIL/2025/CABLE/33KV/001,Supply of 33 kV XLPE Distribution Cables - 500 KM,"Power Grid Corporation of India Limited, Delhi",125000000.0,2026-01-25T17:30:00Z,,0.750,0.875,0.875,XLPE,33 kv,500.0,3-core,Unarmored,Copper,XLPE,IS 7098
2025-11-14T23:31:15,NTPC/IND/2025/LV-CABLE/003,Low Voltage (440V) Control Cables for Industrial Plant - 10 KM,"NTPC Limited, Dadri Plant, Uttar Pradesh",5000000.0,2025-12-15T17:00:00Z,,0.550,0.830,0.830,General,440v,10.0,3-core,Unarmored,Copper,XLPE,IS 7098
2025-11-15T00:33:35,PGCIL/2025/CABLE/33KV/001,Supply of 33 kV XLPE Distribution Cables - 500 KM,"Power Grid Corporation of India Limited, Delhi",125000000.0,2026-01-25T17:30:00Z,,0.750,0.875,0.875,XLPE,33 kv,500.0,3-core,Unarmored,Copper,XLPE,IS 7098
2025-11-15T01:34:26,NTPC/IND/2025/LV-CABLE/003,Low Voltage (440V) Control Cables for Industrial Plant - 10 KM,"NTPC Limited, Dadri Plant, Uttar Pradesh",5000000.0,2025-12-15T17:00:00Z,,0.550,0.830,0.830,General,440v,10.0,3-core,Unarmored,Copper,XLPE,IS 7098
2025-11-15T02:35:16,PGCIL/2025/CABLE/33KV/001,Supply of 33 kV XLPE Distribution Cables - 500 KM,"Power Grid Corporation of India Limited, Delhi",125000000.0,2026-01-25T17:30:00Z,,0.750,0.875,0.875,XLPE,33 kv,500.0,3-core,Unarmored,Copper,XLPE,IS 7098
2025-11-15T08:11:44,NTPC/IND/2025/LV-CABLE/003,Low Voltage (440V) Control Cables for Industrial Plant - 10 KM,"NTPC Limited, Dadri Plant, Uttar Pradesh",5000000.0,2025-12-15T17:00:00Z,,0.550,0.830,0.830,General,440v,10.0,3-core,Unarmored,Copper,XLPE,IS 7098
2025-11-15T09:12:23,PGCIL/2025/CABLE/33KV/001,Supply of 33 kV XLPE Distribution Cables - 500 KM,"Power Grid Corporation of India Limited, Delhi",125000000.0,2026-01-25T17:30:00Z,,0.750,0.875,0.875,XLPE,33 kv,500.0,3-core,Unarmored,Copper,XLPE,IS 7098
2025-11-15T10:49:34,NTPC/IND/2025/LV-CABLE/003,Low Voltage (440V) Control Cables for Industrial Plant - 10 KM,"NTPC Limited, Dadri Plant, Uttar Pradesh",5000000.0,2025-12-15T17:00:00Z,,0.550,0.830,0.830,General,440v,10.0,3-core,Unarmored,Copper,XLPE,IS 7098
2025-11-15T11:50:18,PGCIL/2025/CABLE/33KV/001,Supply of 33 kV XLPE Distribution Cables - 500 KM,"Power Grid Corporation of India Limited, Delhi",125000000.0,2026-01-25T17:30:00Z,,0.750,0.875,0.875,XLPE,33 kv,500.0,3-core,Unarmored,Copper,XLPE,IS 7098
2025-11-15T12:51:35,NTPC/IND/2025/LV-CABLE/003,Low Voltage (440V) Control Cables for Industrial Plant - 10 KM,"NTPC Limited, Dadri Plant, Uttar Pradesh",5000000.0,2025-12-15T17:00:00Z,,0.550,0.830,0.830,General,440v,10.0,3-core,Unarmored,Copper,XLPE,IS 7098
2025-11-15T13:52:48,PGCIL/2025/CABLE/33KV/001,Supply of 33 kV XLPE Distribution Cables - 500 KM,"Power Grid Corporation of India Limited, Delhi",125000000.0,2026-01-25T17:30:00Z,,0.750,0.875,0.875,XLPE,33 kv,500.0,3-core,Unarmored,Copper,XLPE,IS 7098
2025-11-15T23:22:24,NTPC/IND/2025/LV-CABLE/003,Low Voltage (440V) Control Cables for Industrial Plant - 10 KM,"NTPC Limited, Dadri Plant, Uttar Pradesh",5000000.0,2025-12-15T17:00:00Z,,0.550,0.830,0.830,General,440v,10.0,3-core,Unarmored,Copper,XLPE,IS 7098
2025-11-16T01:36:59,PGCIL/2025/CABLE/33KV/001,Supply of 33 kV XLPE Distribution Cables - 500 KM,"Power Grid Corporation of India Limited, Delhi",125000000.0,2026-01-25T17:30:00Z,,0.750,0.875,0.875,XLPE,33 kv,500.0,3-core,Unarmored,Copper,XLPE,IS 7098
2025-11-16T02:37:29,NTPC/IND/2025/LV-CABLE/003,Low Voltage (440V) Control Cables for Industrial Plant - 10 KM,"NTPC Limited, Dadri Plant, Uttar Pradesh",5000000.0,2025-12-15T17:00:00Z,,0.550,0.830,0.830,General,440v,10.0,3-core,Unarmored,Copper,XLPE,IS 7098
2025-11-16T03:38:04,PGCIL/2025/CABLE/33KV/001,Supply of 33 kV XLPE Distribution Cables - 500 KM,"Power Grid Corporation of India Limited, Delhi",125000000.0,2026-01-25T17:30:00Z,,0.750,0.875,0.875,XLPE,33 kv,500.0,3-core,Unarmored,Copper,XLPE,IS 7098
2025-11-16T11:16:21,NTPC/IND/2025/LV-CABLE/003,Low Voltage (440V) Control Cables for Industrial Plant - 10 KM,"NTPC Limited, Dadri Plant, Uttar Pradesh",5000000.0,2025-12-15T17:00:00Z,,0.550,0.830,0.830,General,440v,10.0,3-core,Unarmored,Copper,XLPE,IS 7098
2025-11-16T12:42:33,PGCIL/2025/CABLE/33KV/001,Supply of 33 kV XLPE Distribution Cables - 500 KM,"Power Grid Corporation of India Limited, Delhi",125000000.0,2026-01-25T17:30:00Z,,0.750,0.875,0.875,XLPE,33 kv,500.0,3-core,Unarmored,Copper,XLPE,IS 7098
2025-11-16T13:43:48,NTPC/IND/2025/LV-CABLE/003,Low Voltage (440V) Control Cables for Industrial Plant - 10 KM,"NTPC Limited, Dadri Plant, Uttar Pradesh",5000000.0,2025-12-15T17:00:00Z,,0.550,0.830,0.830,General,440v,10.0,3-core,Unarmored,Copper,XLPE,IS 7098
2025-11-16T17:29:25,PGCIL/2025/CABLE/33KV/001,Supply of 33 kV XLPE Distribution Cables - 500 KM,"Power Grid Corporation of India Limited, Delhi",125000000.0,2026-01-25T17:30:00Z,,0.750,0.875,0.875,XLPE,33 kv,500.0,3-core,Unarmored,Copper,XLPE,IS 7098
2025-11-16T18:30:12,NTPC/IND/2025/LV-CABLE/003,Low Voltage (440V) Control Cables for Industrial Plant - 10 KM,"NTPC Limited, Dadri Plant, Uttar Pradesh",5000000.0,2025-12-15T17:00:00Z,,0.550,0.830,0.830,General,440v,10.0,3-core,Unarmored,Copper,XLPE,IS 7098
2025-11-16T19:31:12,PGCIL/2025/CABLE/33KV/001,Supply of 33 kV XLPE Distribution Cables - 500 KM,"Power Grid Corporation of India Limited, Delhi",125000000.0,2026-01-25T17:30:00Z,,0.750,0.875,0.875,XLPE,33 kv,500.0,3-core,Unarmored,Copper,XLPE,IS 7098
2025-11-16T20:31:53,NTPC/IND/2025/LV-CABLE/003,Low Voltage (440V) Control Cables for Industrial Plant - 10 KM,"NTPC Limited, Dadri Plant, Uttar Pradesh",5000000.0,2025-12-15T17:00:00Z,,0.550,0.830,0.830,General,440v,10.0,3-core,Unarmored,Copper,XLPE,IS 7098
2025-11-16T21:32:45,PGCIL/2025/CABLE/33KV/001,Supply of 33 kV XLPE Distribution Cables - 500 KM,"Power Grid Corporation of India Limited, Delhi",125000000.0,2026-01-25T17:30:00Z,,0.750,0.875,0.875,XLPE,33 kv,500.0,3-core,Unarmored,Copper,XLPE,IS 7098
2025-11-16T22:55:58,NTPC/IND/2025/LV-CABLE/003,Low Voltage (440V) Control Cables for Industrial Plant - 10 KM,"NTPC Limited, Dadri Plant, Uttar Pradesh",5000000.0,2025-12-15T17:00:00Z,,0.550,0.830,0.830,General,440v,10.0,3-core,Unarmored,Copper,XLPE,IS 7098
2025-11-16T23:57:47,PGCIL/2025/CABLE/33KV/001,Supply of 33 kV XLPE Distribution Cables - 500 KM,"Power Grid Corporation of India Limited, Delhi",125000000.0,2026-01-25T17:30:00Z,,0.750,0.875,0.875,XLPE,33 kv,500.0,3-core,Unarmored,Copper,XLPE,IS 7098
2025-11-17T00:59:07,NTPC/IND/2025/LV-CABLE/003,Low Voltage (440V) Control Cables for Industrial Plant - 10 KM,"NTPC Limited, Dadri Plant, Uttar Pradesh",5000000.0,2025-12-15T17:00:00Z,,0.550,0.830,0.830,General,440v,10.0,3-core,Unarmored,Copper,XLPE,IS 7098
2025-11-17T02:00:01,PGCIL/2025/CABLE/33KV/001,Supply of 33 kV XLPE Distribution Cables - 500 KM,"Power Grid Corporation of India Limited, Delhi",125000000.0,2026-01-25T17:30:00Z,,0.750,0.875,0.875,XLPE,33 kv,500.0,3-core,Unarmored,Copper,XLPE,IS 7098
2025-11-17T09:19:00,NTPC/IND/2025/LV-CABLE/003,Low Voltage (440V) Control Cables for Industrial Plant - 10 KM,"NTPC Limited, Dadri Plant, Uttar Pradesh",5000000.0,2025-12-15T17:00:00Z,,0.550,0.830,0.830,General,440v,10.0,3-core,Unarmored,Copper,XLPE,IS 7098
2025-11-17T10:20:27,PGCIL/2025/CABLE/33KV/001,Supply of 33 kV XLPE Distribution Cables - 500 KM,"Power Grid Corporation of India Limited, Delhi",125000000.0,2026-01-25T17:30:00Z,,0.750,0.875,0.875,XLPE,33 kv,500.0,3-core,Unarmored,Copper,XLPE,IS 7098
2025-11-17T11:27:28,NTPC/IND/2025/LV-CABLE/003,Low Voltage (440V) Control Cables for Industrial Plant - 10 KM,"NTPC Limited, Dadri Plant, Uttar Pradesh",5000000.0,2025-12-15T17:00:00Z,,0.550,0.830,0.830,General,440v,10.0,3-core,Unarmored,Copper,XLPE,IS 7098
2025-11-17T12:28:12,PGCIL/2025/CABLE/33KV/001,Supply of 33 kV XLPE Distribution Cables - 500 KM,"Power Grid Corporation of India Limited, Delhi",125000000.0,2026-01-25T17:30:00Z,,0.750,0.875,0.875,XLPE,33 kv,500.0,3-core,Unarmored,Copper,XLPE,IS 7098
2025-11-17T13:29:04,NTPC/IND/2025/LV-CABLE/003,Low Voltage (440V) Control Cables for Industrial Plant - 10 KM,"NTPC Limited, Dadri Plant, Uttar Pradesh",5000000.0,2025-12-15T17:00:00Z,,0.550,0.830,0.830,General,440v,10.0,3-core,Unarmored,Copper,XLPE,IS 7098
2025-11-17T16:45:05,PGCIL/2025/CABLE/33KV/001,Supply of 33 kV XLPE Distribution Cables - 500 KM,"Power Grid Corporation of India Limited, Delhi",125000000.0,2026-01-25T17:30:00Z,,0.750,0.875,0.875,XLPE,33 kv,500.0,3-core,Unarmored,Copper,XLPE,IS 7098
2025-11-17T22:56:41,NTPC/SCM/2025/11KV-CABLE/002,Supply of 11 kV XLPE Armored Underground Cables - 350 KM,"NTPC Limited, New Delhi",18500000.0,2026-02-15T15:00:00Z,,0.550,0.830,0.830,XLPE,11 kv,350.0,3-core,Armored,Copper,XLPE,IS 7098
2025-11-17T23:58:02,PGCIL/2025/CABLE/33KV/001,Supply of 33 kV XLPE Distribution Cables - 500 KM,"Power Grid Corporation of India Limited, Delhi",125000000.0,2026-01-25T17:30:00Z,,0.750,0.875,0.875,XLPE,33 kv,500.0,3-core,Unarmored,Copper,XLPE,IS 7098
2025-11-18T00:59:29,NTPC/SCM/2025/11KV-CABLE/002,Supply of 11 kV XLPE Armored Underground Cables - 350 KM,"NTPC Limited, New Delhi",18500000.0,2026-02-15T15:00:00Z,,0.550,0.830,0.830,XLPE,11 kv,350.0,3-core,Armored,Copper,XLPE,IS 7098
2025-11-18T02:00:34,PGCIL/2025/CABLE/33KV/001,Supply of 33 kV XLPE Distribution Cables - 500 KM,"Power Grid Corporation of India Limited, Delhi",125000000.0,2026-01-25T17:30:00Z,,0.750,0.875,0.875,XLPE,33 kv,500.0,3-core,Unarmored,Copper,XLPE,IS 7098
2025-11-18T03:01:49,NTPC/SCM/2025/11KV-CABLE/002,Supply of 11 kV XLPE Armored Underground Cables - 350 KM,"NTPC Limited, New Delhi",18500000.0,2026-02-15T15:00:00Z,,0.550,0.830,0.830,XLPE,11 kv,350.0,3-core,Armored,Copper,XLPE,IS 7098
2025-11-18T04:02:35,PGCIL/2025/CABLE/33KV/001,Supply of 33 kV XLPE Distribution Cables - 500 KM,"Power Grid Corporation of India Limited, Delhi",125000000.0,2026-01-25T17:30:00Z,,0.750,0.875,0.875,XLPE,33 kv,500.0,3-core,Unarmored,Copper,XLPE,IS 7098
2025-11-18T10:08:14,NTPC/SCM/2025/11KV-CABLE/002,Supply of 11 kV XLPE Armored Underground Cables - 350 KM,"NTPC Limited, New Delhi",18500000.0,2026-02-15T15:00:00Z,,0.550,0.830,0.830,XLPE,11 kv,350.0,3-core,Armored,Copper,XLPE,IS 7098
2025-11-18T11:09:03,PGCIL/2025/CABLE/33KV/001,Supply of 33 kV XLPE Distribution Cables - 500 KM,"Power Grid Corporation of India Limited, Delhi",125000000.0,2026-01-25T17:30:00Z,,0.750,0.875,0.875,XLPE,33 kv,500.0,3-core,Unarmored,Copper,XLPE,IS 7098
2025-11-18T12:09:45,NTPC/SCM/2025/11KV-CABLE/002,Supply of 11 kV XLPE Armored Underground Cables - 350 KM,"NTPC Limited, New Delhi",18500000.0,2026-02-15T15:00:00Z,,0.550,0.830,0.830,XLPE,11 kv,350.0,3-core,Armored,Copper,XLPE,IS 7098
2025-11-18T13:10:30,PGCIL/2025/CABLE/33KV/001,Supply of 33 kV XLPE Distribution Cables - 500 KM,"Power Grid Corporation of India Limited, Delhi",125000000.0,2026-01-25T17:30:00Z,,0.750,0.875,0.875,XLPE,33 kv,500.0,3-core,Unarmored,Copper,XLPE,IS 7098
2025-11-18T14:11:10,NTPC/SCM/2025/11KV-CABLE/002,Supply of 11 kV XLPE Armored Underground Cables - 350 KM,"NTPC Limited, New Delhi",18500000.0,2026-02-15T15:00:00Z,,0.550,0.830,0.830,XLPE,11 kv,350.0,3-core,Armored,Copper,XLPE,IS 7098
2025-11-19T01:44:46,PGCIL/2025/CABLE/33KV/001,Supply of 33 kV XLPE Distribution Cables - 500 KM,"Power Grid Corporation of India Limited, Delhi",125000000.0,2026-01-25T17:30:00Z,,0.750,0.875,0.875,XLPE,33 kv,500.0,3-core,Unarmored,Copper,XLPE,IS 7098
2025-11-19T03:24:10,NTPC/SCM/2025/11KV-CABLE/002,Supply of 11 kV XLPE Armored Underground Cables - 350 KM,"NTPC Limited, New Delhi",18500000.0,2026-02-15T15:00:00Z,,0.550,0.830,0.830,XLPE,11 kv,350.0,3-core,Armored,Copper,XLPE,IS 7098
2025-11-19T04:24:53,PGCIL/2025/CABLE/33KV/001,Supply of 33 kV XLPE Distribution Cables - 500 KM,"Power Grid Corporation of India Limited, Delhi",125000000.0,2026-01-25T17:30:00Z,,0.750,0.875,0.875,XLPE,33 kv,500.0,3-core,Unarmored,Copper,XLPE,IS 7098
2025-12-13T15:40:27,SEB-maharashtra-71758,"Procurement of 11 KV and 22 KV, 630 KVA Distribution Transformers against e-tender no. MMD/T-HTM1-28/1225December 9, 2025, 5:44 pmView this",Maharashtra Electricity Board,0,,,0.550,0.720,0.720,General,11 kv,,3-core,Unarmored,Copper,XLPE,IS 7098
2025-12-13T15:50:14,SEB-maharashtra-29623,"Procurement of 11 KV and 22 KV, 630 KVA Distribution Transformers against e-tender no. MMD/T-HTM1-28/1225December 9, 2025, 5:44 pmView this",Maharashtra Electricity Board,0,,,0.550,0.720,0.720,General,11 kv,,3-core,Unarmored,Copper,XLPE,IS 7098
2025-12-13T16:07:37,SEB-maharashtra-35719,"Procurement of 11 KV and 22 KV, 630 KVA Distribution Transformers against e-tender no. MMD/T-HTM1-28/1225December 9, 2025, 5:44 pmView this",Maharashtra Electricity Board,0,,,0.550,0.720,0.720,General,11 kv,,3-core,Unarmored,Copper,XLPE,IS 7098
2025-12-13T16:11:00,SEB-maharashtra-89709,"Procurement of 11 KV and 22 KV, 630 KVA Distribution Transformers against e-tender no. MMD/T-HTM1-28/1225December 9, 2025, 5:44 pmView this",Maharashtra Electricity Board,0,,,0.550,0.720,0.720,General,11 kv,,3-core,Unarmored,Copper,XLPE,IS 7098
2025-12-17T21:51:14,SEB-maharashtra-95521,"Procurement of 11 KV and 22 KV, 630 KVA Distribution Transformers against e-tender no. MMD/T-HTM1-28/1225December 9, 2025, 5:44 pmView this",Maharashtra Electricity Board,0,,,0.550,0.720,0.720,General,11 kv,,3-core,Unarmored,Copper,XLPE,IS 7098
